Changes made at Sat Aug  9 05:58:18 UTC 2025
Changes made at Thu Nov 20 13:38:02 UTC 2025
Changes made at Thu Nov 20 14:20:02 UTC 2025
Changes made at Thu Nov 20 16:26:15 UTC 2025
Changes made at Fri Nov 21 08:28:20 UTC 2025
Changes made at Fri Nov 21 10:20:48 UTC 2025
Changes made at Fri Nov 21 14:19:12 UTC 2025
Changes made at Fri Nov 21 16:25:03 UTC 2025
Changes made at Sat Nov 22 08:24:05 UTC 2025
Changes made at Sat Nov 22 10:18:55 UTC 2025
Changes made at Sat Nov 22 14:16:32 UTC 2025
Changes made at Sat Nov 22 16:22:20 UTC 2025
Changes made at Sun Nov 23 08:24:14 UTC 2025
